forecast_month,material_id,plant_id,baseline_demand_qty,consensus_demand_qty
2026-10,MAT-100,PL-10,710,760
2026-10,MAT-100,PL-20,490,560
2026-10,MAT-100,PL-30,560,680
2026-10,MAT-200,PL-10,320,360
2026-10,MAT-200,PL-20,620,660
2026-10,MAT-200,PL-30,310,420
2026-10,MAT-300,PL-10,230,250
2026-10,MAT-300,PL-20,390,470
2026-10,MAT-300,PL-30,240,330
2026-10,MAT-400,PL-10,790,840
2026-10,MAT-400,PL-20,610,790
2026-10,MAT-400,PL-30,470,520
2026-10,MAT-500,PL-10,2700,2900
2026-10,MAT-500,PL-20,2100,2200
2026-10,MAT-500,PL-30,2300,2400
2026-10,MAT-600,PL-10,420,460
2026-10,MAT-600,PL-20,360,470
2026-10,MAT-600,PL-30,330,370

