snapshot_date,material_id,plant_id,on_hand_qty,allocated_qty,quality_hold_qty
2026-09-01,MAT-100,PL-10,820,340,20
2026-09-01,MAT-100,PL-20,510,300,0
2026-09-01,MAT-100,PL-30,390,310,10
2026-09-01,MAT-200,PL-10,240,150,5
2026-09-01,MAT-200,PL-20,740,290,20
2026-09-01,MAT-200,PL-30,180,130,0
2026-09-01,MAT-300,PL-10,160,120,0
2026-09-01,MAT-300,PL-20,210,180,5
2026-09-01,MAT-300,PL-30,130,100,0
2026-09-01,MAT-400,PL-10,960,400,30
2026-09-01,MAT-400,PL-20,460,390,0
2026-09-01,MAT-400,PL-30,520,310,0
2026-09-01,MAT-500,PL-10,5100,1800,0
2026-09-01,MAT-500,PL-20,2700,1300,0
2026-09-01,MAT-500,PL-30,3100,1500,0
2026-09-01,MAT-600,PL-10,430,260,0
2026-09-01,MAT-600,PL-20,220,190,0
2026-09-01,MAT-600,PL-30,290,210,0

