order_id,order_date,requested_ship_date,material_id,plant_id,customer_segment,open_qty
SO-10001,2026-09-02,2026-09-12,MAT-100,PL-10,Enterprise,280
SO-10002,2026-09-03,2026-09-14,MAT-100,PL-30,Commercial,220
SO-10003,2026-09-03,2026-09-20,MAT-200,PL-30,Enterprise,160
SO-10004,2026-09-04,2026-09-16,MAT-300,PL-20,Enterprise,190
SO-10005,2026-09-05,2026-09-18,MAT-400,PL-20,Consumer,360
SO-10006,2026-09-05,2026-09-18,MAT-600,PL-20,Enterprise,180
SO-10007,2026-09-07,2026-09-22,MAT-500,PL-10,Commercial,900
SO-10008,2026-09-07,2026-09-24,MAT-300,PL-30,Enterprise,115

